<?xml version='1.0' encoding='UTF-8'?>
<!DOCTYPE Rule PUBLIC "sailpoint.dtd" "sailpoint.dtd">
<Rule language="beanshell" name="contract joiner provision plan" type="Workflow">
  <Description>A rule used by a Workflow to determine a step action or variable value.

Note that an Attributes map of all variables from the current WorkflowContext, merged with the arguments from the Step, is also passed into the workflow rule.</Description>
  <Signature returnType="Object">
    <Inputs>
      <Argument name="log" type="org.apache.commons.logging.Log">
        <Description>
          The log object associated with the SailPointContext.
        </Description>
      </Argument>
      <Argument name="context" type="sailpoint.api.SailPointContext">
        <Description>
          A sailpoint.api.SailPointContext object that can be used to query the database if necessary.
        </Description>
      </Argument>
      <Argument name="wfcontext">
        <Description>
          The current WorkflowContext.
        </Description>
      </Argument>
      <Argument name="handler">
        <Description>
          The workflow handler associated with the current WorkflowContext.
        </Description>
      </Argument>
      <Argument name="workflow">
        <Description>
          The current Workflow definition.
        </Description>
      </Argument>
      <Argument name="step">
        <Description>
          The current Step.
        </Description>
      </Argument>
      <Argument name="approval">
        <Description>
          The current Approval.
        </Description>
      </Argument>
      <Argument name="item">
        <Description>
          The WorkItem being processed.
        </Description>
      </Argument>
    </Inputs>
    <Returns>
      <Argument name="Object">
        <Description>
          The result of the workflow rule; dependent on the rule itself.
        </Description>
      </Argument>
    </Returns>
  </Signature>
  <Source>import sailpoint.object.ProvisioningPlan;
   import sailpoint.object.ProvisioningPlan.AccountRequest;
   import sailpoint.object.ProvisioningPlan.AttributeRequest;
   import sailpint.tools.Util;
   import java.util.List;

 ProvisioningPlan Plan = new ProvisioningPlan();
 List accountRequests = new ArrayList();

 Indentity joinerIdentity = context.getObjectByName(Identity.class,identityName);

 AccountRequest abcBankAccountRequest=new AccountRequest(); 
 abc-BankAccountRequest.setOperation (AccountRequest.Operation.Create); 
 abcBankAccountRequest.setApplication ("Guvi-LDAP");
 accountRequests.add(abcBankAccountRequest);
 plan.setAccountRequests (accountRequests);
 plan.setIdentity (joinerIdentity);
 return plan;</Source>
</Rule>