<?xml version='1.0' encoding='UTF-8'?>
<!DOCTYPE IdentityTrigger PUBLIC "sailpoint.dtd" "sailpoint.dtd">
<IdentityTrigger handler="sailpoint.api.WorkflowTriggerHandler" name="LDAP Contractor joiner envent" type="Create">
  <Owner>
    <Reference class="sailpoint.object.Identity" name="spadmin"/>
  </Owner>
  <HandlerParameters>
    <Attributes>
      <Map>
        <entry key="businessProcess"/>
        <entry key="identityProcessingThreshold"/>
        <entry key="identityProcessingThresholdType"/>
        <entry key="workflow" value="contractor joiner plan"/>
      </Map>
    </Attributes>
  </HandlerParameters>
  <Selector>
    <IdentitySelector>
      <MatchExpression>
        <MatchTerm name="employeeType" type="IdentityAttribute" value="Contractor"/>
      </MatchExpression>
    </IdentitySelector>
  </Selector>
</IdentityTrigger>