EmployeeNumber,FirstName,LastName,DisplayName,EmployeeType,Department,Region,City,EmployeeStatus,CostCenter,Level,ManagerEmployeeNumber,TerminationDate
00000001,Rahul,Agarwal,"Rahul, Agarwal",Employee,Leadership,AMR,NY,Active,L1234,5,,
00000002,Bala,Kumar,"Bala, Kumar",Employee,Leadership,AMR,NY,Active,L1234,5,00000001,
00000003,Navya,Kumari,"Navya, Kumari",Employee,IT,AMR,NY,Active,IT789,8,00000001,
00000004,Deepthi,Bhatnagar,"Deepthi, Bhatnagar",Employee,IT,IND,BLR,Active,IT789,8,00000001,
00000005,Mounika,Bhatt,"Mounika, Bhatt",Employee,IT,IND,BLR,Active,IT789,9,00000001,
00000006,Pratap,Shetty,"Pratep, Shetty",Contractor,IT,IND,BLR,Active,IT789,9,00000002,
00000007,Sujitha,Raman,"Sujitha, Raman",Contractor,IT,IND,BLR,Active,IT789,10,00000002,
00000008,Ram,Hassan,"Ram, Hassan",Employee,HR,AMR,SF,Inactive,HR269,7,00000001,
00000009,Lakshman,kul,"Lakshman, Kul",Employee,HR,IND,BLR,Active,HR269,8,00000001,
00000010,Kavitha,sinha,"Kavitha, Sinha",Employee,HR,IND,BLR,Inactive,HR269,9,00000001,
00000011,Satya,kumari,"Satya, Kumari",Contractor,HR,IND,BLR,Inactive,HR269,10,00000002,
00000012,Venu,Bhatt,"Venu, Bhatt",Contractor,HR,IND,CHN,Active,HR269,10,00000002,
00000013,Gopal,Kumari,"Gopal, Kumari",Employee,Operations,AMR,SF,Active,OP435,9,00000001,
00000014,Ratnam,Sinha,"Ratnam, Sinha",Employee,Operations,AMR,SF,Active,OP435,9,00000001,
00000015,Sujata,Bhatt,"Sujata, Kumari",Contractor,Operations,IND,BLR,Active,OP435,9,00000002,
00000016,Suman,S,"Suman, S",Contractor,Operations,IND,CHN,Active,OP435,10,00000002,
00000017,Rishi,K,"Rishi, K",Employee,Sales,AMR,SF,Active,S897,8,00000001,
00000018,Saibal,Dixit,"Saibal, Dixit",Employee,Marketing,IND,BLR,Active,M567,9,00000001,
00000019,Sourabh,Sinha,"Sourabh, Sinha",Employee,Accounting,IND,CHN,Active,AC765,9,00000001,
00000020,Amit,Kumar,"Amit, Kumar",Contractor,Accounting,IND,BLR,Active,AC765,10,00000002,15-11-2022